adm No,name,class,phone,yearly Fee,monthly Fee,total Paid,fee Start Date,due Day,password
23441,MUHAMMED NADEER A K,Plus Two CS + Wafy,9876543210,48000,4000,12000,01-Jun-26,25,23441
23442,MUHAMMED SADHIQUE,Plus Two CS + Wafy,9876543211,48000,4000,12000,01-Jun-26,25,23442
23443,MUHAMMED IQBAL,Plus Two CS + Wafy,9605667095,48000,4000,8000,2026-06-01,25,23443
23445,MOHAMMED RAYYAN KP,Plus Two CS + Wafy,8304856282,36000,3000,12000,2026-06-01,25,23445
23446,KA AHAMMAD ASWEEL,Plus Two CS + Wafy,9947121235,48000,4000,12000,2026-06-01,25,23446
23447,MUHSIN SHEREEF,Plus Two CS + Wafy,7558883733,24000,2000,6000,2026-06-01,25,23447
23448,MUHAMMED FAYIZ CP,Plus Two CS + Wafy,9605325590,48000,4000,12000,2026-06-01,25,23448
23449,THANVEER MUHAMMED S. H,Plus Two CS + Wafy,,36000,3000,9000,01-Jun-26,25,23449
23450,MUHAMED SHAYIN KT,Plus Two CS + Wafy,9946562491,48000,4000,16000,2026-06-01,25,23450
23451,HASHIM MUBARAK,Plus Two CS + Wafy,9747603333,48000,4000,12000,2026-06-01,25,23451
23452,MUHAMMED SINAN VP,Plus Two CS + Wafy,,48000,4000,12000,01-Jun-26,25,23452
23453,MUHAMMED ANSAH. KK,Plus Two CS + Wafy,8848346486,48000,4000,12000,2026-06-01,25,ansah@123
23454,ARIF MUHAMMED,Plus Two CS + Wafy,7025154341,48000,4000,12000,2026-06-01,25,23454
23455,MUHAMMED RAFAD K,Plus Two CS + Wafy,,24000,2000,12000,01-Jun-26,25,23455
23456,MUHAMMED SAFWAN,Plus Two CS + Wafy,,48000,4000,12000,01-Jun-26,25,23456
23457,MUHAMMED SHAMEEL MP,Plus Two CS + Wafy,,48000,4000,12000,01-Jun-26,25,23457
23458,MOHAMMED AMEEN,Plus Two CS + Wafy,7558813078,48000,4000,12000,2026-06-01,25,23458
23459,MUHAMMED MUHSIN,Plus Two CS + Wafy,9847442480,36000,3000,9000,2026-06-01,25,23459
23460,MOHAMED ANSHIL PULLATTIL,Plus Two CS + Wafy,7034050628,48000,4000,12000,2026-06-01,25,23460
23462,ANFAS AMAN.K,Plus Two CS + Wafy,9846629196,36000,3000,9000,2026-06-01,25,23462
23472,MUHAMMED MINHAJ,Plus Two CS + Wafy,9539954796,48000,4000,12000,2026-06-01,25,23472
23463,MOHAMED HASHIL MOIDHEEN,Plus Two CS + Wafy,9895452363,24000,2000,6000,2026-06-01,25,23463
23465,MOHAMMED SINAN.P,Plus Two CS + Wafy,7510122965,36000,3000,9000,2026-06-01,25,23465
23466,MUHAMMED SUHAIL T N,Plus Two CS + Wafy,,24000,2000,6000,01-Jun-26,25,23466
23468,ABDULLA A M,Plus Two CS + Wafy,9961900909,48000,4000,8000,2026-06-01,25,23468
23469,MUHAMMED SABITH P,Plus Two CS + Wafy,9745154678,24000,2000,7000,2026-06-01,25,23469
23470,ESHAN SAWAD,Plus Two CS + Wafy,9207334153,48000,4000,12000,2026-06-01,25,23470
23471,MOHAMMED SHABEEB AMBALAKUNNATH,Plus Two CS + Wafy,9207820633,48000,4000,12000,2026-06-01,25,23471
22931,MUHAMMED ASLAH A,Plus Two CS + Wafy,9995042890,48000,4000,12000,2026-06-01,25,22931
22801,MUHAMMED KS,Plus Two CS + Wafy,9961535555,55000,5000,10000,2026-07-01,25,22801
24257,MUHAMMED MAZIN MK,Plus One CS + Wafy,,6000,500,1000,01-Jun-26,5,24257
24258,MUHAMMED ALSABITH K S,Plus One CS + Wafy,,60000,5000,17007,01-Jun-26,5,24258
24259,MUHAMMED MAHROOF CP,Plus One CS + Wafy,,60000,5000,15000,01-Jun-26,5,24259
24260,AZAAN RAAMIN BIN HASKAR,Plus One CS + Wafy,,60000,5000,15000,01-Jun-26,5,24260
24261,ABDUL AHAD S,Plus One CS + Wafy,,30000,2500,7500,2026-06-01,5,24261
24262,AHMAD HAMDAN KP,Plus One CS + Wafy,,60000,5000,15000,01-Jun-26,5,24262
24263,MOHAMMED SALIH MOIDEEN,Plus One CS + Wafy,,60000,5000,15000,01-Jun-26,5,24263
24264,AHAMED RAZI,Plus One CS + Wafy,,60000,5000,10000,01-Jun-26,5,ABURAAZI
24265,AHMAD MIDLAJ,Plus One CS + Wafy,,60000,5000,10000,01-Jun-26,5,24265
24266,MUHAMMED NIHAL,Plus One CS + Wafy,,60000,5000,15000,01-Jun-26,5,24266
24267,MUHAMMED KABEER,Plus One CS + Wafy,,60000,5000,15000,01-Jun-26,5,24267
24268,MUHAMMAD SHIBINSHA,Plus One CS + Wafy,,30000,2500,7500,01-Jun-26,5,24268
24269,MUHAMMED SAFWAN,Plus One CS + Wafy,,42000,3500,9500,2026-06-01,5,24269
24270,AHAMMED JAZEEL,Plus One CS + Wafy,,60000,5000,15000,01-Jun-26,5,24270
24271,AHMED NAJAD A,Plus One CS + Wafy,,60000,5000,10000,01-Jun-26,5,24271
24272,SHAMMAS,Plus One CS + Wafy,,30000,2500,7500,01-Jun-26,5,24272
24273,MISHAB KP,Plus One CS + Wafy,,60000,5000,15000,01-Jun-26,5,24273
24274,ISHAQ PARAMBIL,Plus One CS + Wafy,,30000,2500,5000,01-Jun-26,5,Ishaq&123
24275,MOHAMMED SWALIH PP,Plus One CS + Wafy,,60000,5000,15000,01-Jun-26,5,24275
24276,RAYYAN MUBARAK,Plus One CS + Wafy,,60000,5000,15000,01-Jun-26,5,24276
24277,MUHAMMED ALI FARHAN,Plus One CS + Wafy,,60000,5000,10000,01-Jun-26,5,24277
24278,AMIR AHAMMED,Plus One CS + Wafy,,60000,5000,10000,01-Jun-26,5,24278
24279,MUHAMMED SINAN. C,Plus One CS + Wafy,,60000,5000,15000,01-Jun-26,5,24279
24280,MUHAMMED SALAHUDHEEN K P,Plus One CS + Wafy,,60000,5000,15000,01-Jun-26,5,24280
24281,AMAN HAFIS,Plus One CS + Wafy,,60000,5000,15000,01-Jun-26,5,24281
24282,MUHAMMED IJLAN,Plus One CS + Wafy,,36000,3000,15000,01-Jun-26,5,24282
24283,MUHAMMED SINAN AK,Plus One CS + Wafy,,30000,2500,7500,01-Jun-26,5,0369
24284,MUHAMMED SHAMIL,Plus One CS + Wafy,,18000,1500,4500,01-Jun-26,5,24284
24285,ABDULLA HANNAN,Plus One CS + Wafy,,60000,5000,15000,01-Jun-26,5,24285
24287,MUHAMMED SAJAD KP,Plus One CS + Wafy,,60000,5000,15000,2026-06-10,5,24287